{
  "project_info": {
    "project_number": "923990567829",
    "firebase_url": "https://project-56ac1-default-rtdb.firebaseio.com",
    "project_id": "project-56ac1",
    "storage_bucket": "project-56ac1.appspot.com"
  },
  "client": [
    {
      "client_info": {
        "mobilesdk_app_id": "1:923990567829:android:727f5b9fcf4378ba1d249c",
        "android_client_info": {
          "package_name": "com.ass3.project"
        }
      },
      "oauth_client": [
        {
          "client_id": "923990567829-p0vn8hkcavddchd51hh5u3o3iofkf2mn.apps.googleusercontent.com",
          "client_type": 3
        }
      ],
      "api_key": [
        {
          "current_key": "AIzaSyDN1gPvvNZJldT6T_7_w2gnmucPoS1f_mU"
        }
      ],
      "services": {
        "appinvite_service": {
          "other_platform_oauth_client": [
            {
              "client_id": "923990567829-p0vn8hkcavddchd51hh5u3o3iofkf2mn.apps.googleusercontent.com",
              "client_type": 3
            }
          ]
        }
      }
    }
  ],
  "configuration_version": "1"
}